Station,Lon,Lat,Source,M2_amp,M2_phs,S2_amp,S2_phs,N2_amp,N2_phs,K2_amp,K2_phs,K1_amp,K1_phs,O1_amp,O1_phs,P1_amp,P1_phs,Q1_amp,Q1_phs,Location
"'Cape Chunak, AK, AK'",-163.534200,55.064300,NOAA,0.708000,117.199997,0.020000,294.299988,0.251000,67.900002,0.005000,308.600006,0.485000,321.899994,0.329000,305.700012,0.160000,320.700012,0.050000,282.299988,Deep
"'Entrance Island, AK'",-133.787000,56.811700,NOAA,1.754000,279.700012,0.538000,313.200012,0.335000,255.899994,0.146000,315.899994,0.481000,265.799988,0.299000,247.399994,0.159000,264.399994,0.058000,239.699997,Deep
"'Fare Ute Point,'",-149.572000,-17.535000,NOAA,0.071000,308.399994,0.076000,320.600006,0.011000,274.799988,0.023000,318.299988,0.006000,279.399994,0.016000,89.099998,0.002000,292.000000,0.004000,75.199997,Deep
"'Geese Island GPS Tide Buoy, AK'",-153.996000,56.594700,NOAA,0.966000,302.100006,0.347000,332.299988,0.200000,277.200012,0.094000,334.700012,0.358000,269.799988,0.229000,255.500000,0.118000,268.799988,0.063000,259.200012,Deep
"'Golf Island, AK'",-135.393000,56.786700,NOAA,1.077000,272.700012,0.336000,305.000000,0.218000,248.300003,0.091000,307.600006,0.428000,261.200012,0.269000,243.199997,0.142000,259.899994,0.058000,242.199997,Deep
"'Kwajalein, Marshall Islands, United States of America'",167.733783,8.730767,NOAA,0.485000,127.400002,0.269000,149.300003,0.092000,127.099998,0.073000,145.899994,0.104000,66.000000,0.065000,38.700001,0.032000,65.400002,0.013000,22.600000,Deep
"'La Jolla, CA'",-117.257100,32.866900,NOAA,0.500000,142.000000,0.204000,138.600006,0.117000,121.699997,0.058000,130.399994,0.332000,207.000000,0.213000,191.800003,0.105000,203.100006,0.039000,184.399994,Deep
"'Los Angeles, CA'",-118.272900,33.719900,NOAA,0.515000,145.500000,0.203000,141.100006,0.121000,123.699997,0.060000,135.500000,0.343000,207.699997,0.218000,192.300003,0.107000,204.600006,0.041000,184.000000,Deep
"'PIER 22 1/2, SAN FRANCISCO, CA'",-122.387000,37.790000,NOAA,0.644000,218.899994,0.143000,227.199997,0.133000,193.500000,0.045000,217.300003,0.381000,229.500000,0.231000,212.800003,0.120000,227.100006,0.044000,215.699997,Deep
"'Pago Bay, Guam, United States of America'",144.799529,13.426776,NOAA,0.142000,276.200012,0.026000,282.899994,0.036000,253.399994,0.008000,265.500000,0.141000,61.299999,0.102000,42.599998,0.045000,62.799999,0.019000,33.900002,Deep
"'Perch Point, AK'",-147.395000,60.126700,NOAA,1.332000,286.799988,0.456000,317.399994,0.265000,261.799988,0.124000,319.899994,0.495000,271.600006,0.302000,255.500000,0.164000,270.399994,0.056000,250.600006,Deep
"'REEF POINT, STIKINE STRAIT, AK'",-132.553000,56.353300,NOAA,1.954000,273.200012,0.655000,304.100006,0.370000,250.500000,0.178000,306.600006,0.545000,264.100006,0.312000,246.399994,0.180000,262.799988,0.062000,239.399994,Deep
"'RINCON ISLAND, PACIFIC OCEAN, CA'",-119.443000,34.348300,NOAA,0.502000,154.800003,0.182000,149.100006,0.120000,133.000000,0.053000,141.399994,0.355000,211.699997,0.222000,196.699997,0.112000,207.800003,0.041000,189.399994,Deep
"'STOREY ISLAND NORTH SIDE, AK'",-147.437000,60.731700,NOAA,1.395000,287.899994,0.460000,319.000000,0.297000,262.100006,0.125000,321.500000,0.481000,270.399994,0.308000,256.299988,0.159000,269.399994,0.057000,251.199997,Deep
"'Saginaw Bay, Kuiu Island, AK'",-134.303100,56.903000,NOAA,1.616000,276.299988,0.539000,305.700012,0.294000,254.100006,0.147000,308.000000,0.515000,262.799988,0.288000,246.500000,0.170000,261.500000,0.058000,246.899994,Deep
"'San Francisco, CA'",-122.465900,37.806300,NOAA,0.576000,208.199997,0.137000,216.199997,0.122000,183.199997,0.040000,206.000000,0.370000,225.399994,0.230000,208.399994,0.114000,222.100006,0.040000,202.699997,Deep
"'THE BROTHERS, STEPHENS PASSAGE, AK'",-133.797000,57.295000,NOAA,1.794000,280.000000,0.591000,312.799988,0.367000,257.600006,0.160000,315.500000,0.500000,264.299988,0.300000,248.500000,0.165000,263.100006,0.057000,234.699997,Deep
"'Thoms Point, AK'",-132.078000,56.118300,NOAA,1.979000,272.299988,0.654000,302.700012,0.356000,241.300003,0.178000,305.200012,0.520000,261.700012,0.315000,245.500000,0.172000,260.500000,0.053000,240.399994,Deep
"'Wooded Island, AK'",-147.403000,59.875000,NOAA,1.133000,289.500000,0.385000,319.899994,0.244000,265.299988,0.105000,322.399994,0.474000,272.100006,0.288000,257.799988,0.157000,271.000000,0.057000,250.399994,Deep
"ARICA      WOCE fas",-70.333000,-18.467000,Truth_Coast,0.329000,27.150000,0.094000,48.869999,0.072000,347.950012,0.031000,39.660000,0.151000,32.959999,0.084000,350.630005,0.044000,28.700001,0.014000,321.980011,NS
"DARWIN     WOCE fas",130.848755,-12.472741,Truth_Coast,1.845000,249.199997,0.951000,298.160004,0.350000,228.410004,0.271000,296.420013,0.582000,200.669998,0.329000,189.639999,0.161000,203.789993,0.077000,184.089996,NS
"LOBOS      WOCE fas",-80.717000,-6.933000,Truth_Coast,0.410000,265.769989,0.142000,299.679993,0.098000,241.100006,0.041000,297.660004,0.128000,30.820000,0.050000,351.160004,0.037000,28.559999,0.005000,310.709991,NS
"SALALAH    WOCE fas",54.019489,16.937791,Truth_Coast,0.312000,143.940002,0.122000,167.559998,0.083000,132.779999,0.033000,161.960007,0.360000,344.140015,0.184000,346.670013,0.110000,341.529999,0.040000,347.390015,NS
"BEMPEX PF     Aug86",-162.047000,37.890000,Truth_Pelagic,0.249000,305.100006,0.123000,326.429993,0.050000,294.500000,0.035000,319.600006,0.206000,264.500000,0.131000,254.000000,0.065000,260.500000,0.022000,249.199997,Deep
"DART 21419  SE Kuri",155.736000,44.455000,Truth_Pelagic,0.208000,152.220001,0.089000,212.839996,0.026000,105.040001,0.024000,206.600006,0.268000,6.240000,0.212000,346.239990,0.087000,3.200000,0.043000,335.809998,Deep
"DART 23228  Arabian",65.347000,20.799000,Truth_Pelagic,0.596000,152.949997,0.230000,181.830002,0.145000,134.389999,0.065000,181.339996,0.374000,336.980011,0.190000,337.720001,0.119000,336.279999,0.042000,346.470001,Deep
"DART 43413  Off Mex",-99.853000,11.065000,Truth_Pelagic,0.327000,228.339996,0.028000,15.840000,0.074000,188.279999,0.004000,65.290001,0.072000,141.240005,0.065000,156.270004,0.025000,139.050003,0.016000,153.259995,Deep
"DART 46410  Gulf_Al",-143.786000,57.635000,Truth_Pelagic,1.018000,282.170013,0.337000,313.709991,0.212000,257.589996,0.091000,306.809998,0.462000,265.859985,0.286000,250.750000,0.145000,262.540009,0.051000,243.289993,Deep
"DART 55012  Austral",158.400000,-15.799000,Truth_Pelagic,0.158000,282.339996,0.098000,265.920013,0.046000,284.029999,0.026000,259.690002,0.220000,35.400002,0.110000,10.860000,0.065000,31.420000,0.019000,351.670013,Deep
"DART 55023  Coral S",153.580000,-14.800000,Truth_Pelagic,0.280000,328.350006,0.162000,292.799988,0.088000,313.809998,0.043000,289.809998,0.261000,35.820000,0.129000,10.220000,0.078000,32.200001,0.023000,346.130005,Deep
"DART_21414   (2006",178.281000,48.938000,Truth_Pelagic,0.148000,51.400002,0.013000,313.010010,0.051000,11.370000,0.005000,307.190002,0.318000,322.730011,0.229000,306.369995,0.101000,319.549988,0.043000,296.820007,Deep
"DART_21416   (2007",163.488000,48.044000,Truth_Pelagic,0.195000,125.930000,0.064000,206.710007,0.039000,70.199997,0.017000,203.000000,0.299000,346.059998,0.222000,327.920013,0.096000,343.149994,0.043000,318.369995,Deep
"DART_46402   (2007",-164.011000,51.069000,Truth_Pelagic,0.439000,322.380005,0.157000,341.850006,0.099000,302.399994,0.043000,333.980011,0.380000,286.220001,0.248000,271.070007,0.120000,282.929993,0.046000,262.790009,Deep
"DART_46404   (2006",-128.778000,45.859000,Truth_Pelagic,0.809000,235.660004,0.227000,265.130005,0.166000,209.899994,0.060000,256.899994,0.407000,240.080002,0.251000,224.910004,0.127000,236.630005,0.045000,216.369995,Deep
"DART_46407   (2008",-128.900000,42.604000,Truth_Pelagic,0.666000,227.039993,0.171000,255.320007,0.137000,200.539993,0.045000,247.110001,0.381000,235.500000,0.235000,220.389999,0.120000,231.649994,0.042000,212.759995,Deep
"DART_46408   (2006",-169.871000,49.626000,Truth_Pelagic,0.293000,340.269989,0.103000,346.309998,0.074000,321.869995,0.028000,337.920013,0.356000,296.630005,0.239000,281.250000,0.112000,293.489990,0.045000,272.670013,Deep
"DART_46411   (2005",-127.013000,39.331000,Truth_Pelagic,0.539000,209.559998,0.121000,227.220001,0.114000,181.729996,0.033000,217.539993,0.370000,228.610001,0.230000,213.740005,0.116000,224.729996,0.042000,204.639999,Deep
"DART_46419   (2006",-129.617000,48.762000,Truth_Pelagic,0.913000,243.729996,0.267000,273.350006,0.187000,218.500000,0.071000,265.600006,0.427000,244.899994,0.262000,229.429993,0.134000,241.470001,0.048000,222.259995,Deep
"DART_51425   (2008",-176.245000,-9.493000,Truth_Pelagic,0.514000,155.740005,0.192000,154.229996,0.127000,149.020004,0.052000,148.039993,0.061000,63.720001,0.040000,46.090000,0.019000,58.950001,0.008000,32.930000,Deep
"DART_51426   (2008",-168.098000,-22.993000,Truth_Pelagic,0.401000,201.699997,0.058000,278.109985,0.098000,174.169998,0.014000,276.290009,0.041000,58.790001,0.028000,58.810001,0.013000,52.419998,0.005000,55.779999,Deep
"DART_52401   (2007",155.766000,19.286000,Truth_Pelagic,0.129000,123.129997,0.083000,159.160004,0.018000,108.980003,0.024000,152.220001,0.121000,53.160000,0.087000,26.870001,0.038000,51.279999,0.018000,15.510000,Deep
"DART_52402   (2006",154.584000,11.569000,Truth_Pelagic,0.145000,120.519997,0.118000,147.279999,0.021000,130.399994,0.033000,140.940002,0.153000,61.660000,0.099000,38.900002,0.048000,60.459999,0.020000,27.600000,Deep
"DART_52403   (2006",145.597000,4.033000,Truth_Pelagic,0.157000,291.089996,0.005000,194.910004,0.044000,261.160004,0.002000,123.820000,0.210000,65.349998,0.132000,49.169998,0.066000,64.589996,0.026000,40.470001,Deep
"DART_52404   (2006",132.223000,20.949000,Truth_Pelagic,0.497000,288.529999,0.212000,313.850006,0.095000,277.709991,0.058000,308.679993,0.171000,73.230003,0.131000,56.799999,0.055000,71.519997,0.028000,44.459999,Deep
"DART_52405   (2006",132.333000,12.881000,Truth_Pelagic,0.520000,290.559998,0.217000,318.399994,0.099000,276.859985,0.059000,314.190002,0.180000,76.349998,0.125000,62.090000,0.058000,74.930000,0.026000,53.549999,Deep
"DART_52406   (2008",165.081000,-5.332000,Truth_Pelagic,0.501000,145.429993,0.277000,154.479996,0.104000,145.240005,0.077000,148.639999,0.157000,54.580002,0.090000,34.950001,0.047000,51.889999,0.017000,24.910000,Deep
"DART_54401   (2008",-172.985000,-33.005000,Truth_Pelagic,0.491000,200.009995,0.082000,283.600006,0.107000,170.619995,0.019000,280.399994,0.042000,35.150002,0.020000,51.599998,0.012000,30.680000,0.003000,61.840000,Deep
"DART_55015   (2008",160.562000,-46.922000,Truth_Pelagic,0.504000,348.679993,0.117000,15.470000,0.118000,333.209991,0.032000,4.330000,0.050000,278.000000,0.051000,242.990005,0.016000,271.230011,0.014000,222.750000,Deep
"DART_56001   (2009",110.004000,-13.961000,Truth_Pelagic,0.469000,34.290001,0.249000,94.370003,0.087000,3.130000,0.069000,93.080002,0.202000,163.990005,0.127000,155.580002,0.062000,161.630005,0.029000,142.429993,Deep
"DART_56003   (2009",117.989000,-15.021000,Truth_Pelagic,0.807000,54.020000,0.450000,110.379997,0.140000,25.709999,0.127000,108.559998,0.227000,168.289993,0.142000,158.389999,0.069000,165.750000,0.032000,145.429993,Deep
"DART_d125    (2002",-125.014000,-8.489000,Truth_Pelagic,0.585000,34.599998,0.057000,69.379997,0.132000,8.730000,0.013000,54.480000,0.053000,251.380005,0.029000,210.300003,0.016000,248.110001,0.006000,177.539993,Deep
"DART_d157    (2002",-156.941000,52.650000,Truth_Pelagic,0.636000,304.829987,0.222000,332.049988,0.138000,283.019989,0.061000,326.019989,0.405000,276.880005,0.259000,261.619995,0.128000,273.399994,0.046000,256.149994,Deep
"GLOUP 000095 ck2.",53.472000,-46.871000,Truth_Pelagic,0.143000,152.830002,0.039000,189.339996,0.033000,134.149994,0.010000,184.410004,0.025000,151.570007,0.023000,279.959991,0.006000,154.220001,0.009000,260.959991,Deep
"GLOUP 000139 id2.",66.828000,-28.320000,Truth_Pelagic,0.407000,237.039993,0.242000,271.100006,0.070000,231.020004,0.070000,266.970001,0.080000,121.250000,0.032000,112.150002,0.026000,117.790001,0.004000,116.820000,Deep
"GLOUP 000182 amst",77.583000,-37.901000,Truth_Pelagic,0.417000,228.990005,0.228000,271.970001,0.077000,212.779999,0.064000,268.730011,0.076000,146.190002,0.036000,165.990005,0.023000,147.160004,0.009000,180.020004,Deep
"HOME PN1     Guiles",-163.749000,28.692000,Truth_Pelagic,0.117000,337.100006,0.072000,341.440002,0.024000,333.899994,0.021000,333.700012,0.145000,247.899994,0.086000,241.300003,0.045000,244.600006,0.015000,242.300003,Deep
"HOME PN2     Apr200",-161.945000,26.875000,Truth_Pelagic,0.123000,346.000000,0.074000,350.019989,0.024000,343.700012,0.022000,342.399994,0.156000,242.699997,0.090000,234.800003,0.048000,239.300003,0.015000,235.500000,Deep
"HOME PN3     Apr200",-164.322000,26.822000,Truth_Pelagic,0.113000,356.899994,0.062000,351.869995,0.024000,352.799988,0.018000,342.399994,0.144000,243.699997,0.084000,238.100006,0.045000,240.800003,0.014000,240.600006,Deep
"HOME PN5 Apr200",-156.694000,25.401000,Truth_Pelagic,0.145000,347.799988,0.084000,0.050000,0.027000,345.700012,0.025000,353.399994,0.173000,236.800003,0.099000,226.000000,0.054000,233.600006,0.016000,224.199997,Deep
"HOME PN6     Apr200",-153.082000,23.843000,Truth_Pelagic,0.166000,2.300000,0.090000,12.280000,0.033000,359.799988,0.026000,5.100000,0.190000,233.000000,0.107000,220.899994,0.058000,229.300003,0.017000,216.899994,Deep
"HOME PS1     Apr200",-161.137000,16.429000,Truth_Pelagic,0.214000,68.900002,0.071000,83.540001,0.040000,61.599998,0.019000,71.000000,0.119000,222.800003,0.062000,213.800003,0.037000,219.199997,0.009000,213.300003,Deep
"HOME PS4 Apr200",-158.994572,13.742515,Truth_Pelagic,0.230000,59.900002,0.077000,72.010002,0.044000,51.099998,0.021000,59.500000,0.139000,223.600006,0.074000,213.000000,0.043000,220.399994,0.011000,210.600006,Deep
"HOME PS5     Apr200",-154.496000,17.175000,Truth_Pelagic,0.243000,44.299999,0.090000,54.380001,0.048000,34.599998,0.025000,44.500000,0.150000,225.199997,0.082000,212.000000,0.046000,222.000000,0.013000,208.000000,Deep
"HOME PS6     Apr200",-151.669000,20.575000,Truth_Pelagic,0.201000,25.500000,0.091000,33.540001,0.042000,18.299999,0.026000,25.700001,0.174000,229.000000,0.098000,215.399994,0.054000,225.500000,0.016000,211.600006,Deep
"IAPSO 2.1.17    56",-144.367000,56.133000,Truth_Pelagic,0.955000,283.000000,0.311000,315.260010,0.198000,258.000000,0.079000,307.000000,0.434000,266.000000,0.270000,250.000000,0.137000,262.000000,0.050000,242.000000,Deep
"IAPSO 2.1.52    53",-154.283000,53.417000,Truth_Pelagic,0.718000,298.000000,0.247000,326.440002,0.148000,275.000000,0.067000,319.000000,0.417000,273.000000,0.264000,258.000000,0.130000,270.000000,0.048000,251.000000,Deep
"IAPSO 2.2.9 33",137.583000,33.767000,Truth_Pelagic,0.412000,255.000000,0.189000,279.040009,0.071000,250.000000,0.053000,275.000000,0.213000,47.000000,0.162000,28.000000,0.068000,47.000000,0.033000,19.000000,Deep
"IAPSO 2.3.6      2",164.417000,-2.000000,Truth_Pelagic,0.517000,139.000000,0.304000,151.460007,0.108000,139.000000,0.086000,146.000000,0.155000,58.000000,0.091000,37.000000,0.048000,55.000000,0.017000,19.000000,Deep
"IAPSO 4.1.4     44",146.217000,-44.117000,Truth_Pelagic,0.120000,353.000000,0.060000,116.029999,0.037000,306.000000,0.015000,122.000000,0.186000,275.000000,0.129000,254.000000,0.059000,270.000000,0.030000,236.000000,Deep
"KESS_b1  2004-2006",144.570000,37.110000,Truth_Pelagic,0.250000,192.339996,0.124000,230.550003,0.026000,180.100006,0.035000,224.089996,0.212000,28.120001,0.171000,10.050000,0.068000,26.170000,0.035000,359.940002,Deep
"KESS_b3  2004-2006",146.460000,37.100000,Truth_Pelagic,0.226000,188.279999,0.115000,229.190002,0.021000,171.869995,0.032000,222.240005,0.203000,26.410000,0.165000,7.900000,0.066000,24.010000,0.034000,358.359985,Deep
"KESS_c6  2004-2006",148.850000,36.350000,Truth_Pelagic,0.192000,183.770004,0.102000,227.990005,0.015000,160.559998,0.029000,221.710007,0.187000,24.459999,0.152000,5.390000,0.060000,22.340000,0.031000,355.829987,Deep
"KESS_d4 2004-2006",146.450000,35.590000,Truth_Pelagic,0.209000,194.270004,0.110000,233.460007,0.018000,184.610001,0.031000,227.139999,0.194000,28.730000,0.157000,9.930000,0.062000,26.719999,0.032000,0.100000,Deep
"KESS_f3 2004-2006",145.500000,34.010000,Truth_Pelagic,0.205000,204.630005,0.110000,240.279999,0.020000,205.490005,0.031000,233.770004,0.189000,32.990002,0.152000,13.960000,0.061000,31.049999,0.031000,3.980000,Deep
"KESS_h6  2004-2006",148.350000,32.370000,Truth_Pelagic,0.156000,198.660004,0.090000,237.320007,0.011000,203.360001,0.025000,230.759995,0.167000,31.740000,0.134000,11.690000,0.053000,29.760000,0.028000,1.700000,Deep
"KESS_i1  2004-2006",144.090000,31.490000,Truth_Pelagic,0.204000,223.539993,0.109000,252.990005,0.025000,232.970001,0.030000,246.490005,0.181000,40.259998,0.143000,21.139999,0.058000,38.419998,0.030000,11.020000,Deep
"URI DP111  Drake Pa",-61.046000,-61.111000,Truth_Pelagic,0.327000,273.130005,0.139000,343.660004,0.050000,229.039993,0.038000,342.089996,0.214000,76.400002,0.209000,54.000000,0.070000,72.959999,0.045000,41.320000,Deep
"59500 Penrith I.",149.900000,-21.000000,Truth_Shelf,1.516000,27.760000,0.566000,13.600000,0.384000,23.900000,0.148000,10.580000,0.370000,36.490002,0.184000,8.670000,0.105000,34.810001,0.037000,357.309998,Shelf
"59550 Bell Cay",151.250000,-21.817000,Truth_Shelf,1.127000,2.060000,0.456000,357.500000,0.207000,357.500000,0.133000,351.579987,0.308000,17.290001,0.162000,351.769989,0.092000,15.510000,0.043000,343.709991,Shelf
"59620 High Peak I.",150.683000,-21.950000,Truth_Shelf,1.496000,8.160000,0.563000,4.500000,0.392000,2.800000,0.166000,0.680000,0.348000,23.090000,0.169000,354.369995,0.096000,25.809999,0.051000,340.809998,Shelf
"59700 Heron I.",151.917000,-23.450000,Truth_Shelf,0.829000,322.260010,0.289000,318.600006,0.182000,302.899994,0.088000,312.679993,0.251000,8.890000,0.130000,336.670013,0.072000,7.610000,0.024000,303.309998,Shelf
"60585 Hogan I.",146.977764,-39.215936,Truth_Shelf,0.671000,28.660000,0.112000,209.899994,0.194000,358.700012,0.022000,221.679993,0.212000,295.589996,0.138000,277.269989,0.063000,291.410004,0.038000,252.910004,Shelf
"60617 Curtis I.",146.717000,-39.483000,Truth_Shelf,0.810000,32.360001,0.133000,201.899994,0.199000,353.200012,0.026000,213.679993,0.203000,296.390015,0.131000,271.570007,0.061000,292.209991,0.039000,245.610001,Shelf
"60875 Three Hummock",144.833000,-40.450000,Truth_Shelf,0.782000,62.160000,0.101000,172.800003,0.182000,37.700001,0.015000,181.380005,0.130000,301.290009,0.097000,269.769989,0.039000,299.809998,0.027000,268.910004,Shelf
"61937 Shelf Edge Mo",135.750000,-35.767000,Truth_Shelf,0.135000,71.150002,0.149000,109.699997,0.010000,156.619995,0.043000,111.419998,0.177000,244.110001,0.133000,227.839996,0.056000,240.089996,0.029000,215.309998,Shelf
"61960 Pearson I.",134.266742,-33.928727,Truth_Shelf,0.202000,77.750000,0.232000,110.400002,0.026000,156.720001,0.075000,105.820000,0.161000,235.309998,0.140000,223.339996,0.054000,229.389999,0.035000,212.809998,Shelf
"62010 St Francis I.",133.317000,-32.500000,Truth_Shelf,0.246000,75.449997,0.313000,109.300003,0.035000,231.020004,0.101000,105.519997,0.183000,236.110001,0.120000,224.339996,0.062000,229.389999,0.052000,245.710007,Shelf
"62501 North West I.",115.512408,-20.352958,Truth_Shelf,0.656000,67.230003,0.369000,127.599998,0.112000,49.480000,0.098000,127.839996,0.199000,170.570007,0.131000,164.160004,0.064000,168.830002,0.035000,166.710007,Shelf
"62610 Bedout I.",119.102403,-19.601455,Truth_Shelf,1.626000,67.830002,1.026000,129.100006,0.279000,40.980000,0.289000,127.139999,0.252000,189.369995,0.107000,157.460007,0.073000,187.929993,nan,nan,Shelf
"62990 North Maret I",124.983000,-14.400000,Truth_Shelf,1.896000,68.430000,1.229000,124.000000,0.295000,54.680000,0.354000,122.339996,0.324000,182.270004,0.188000,174.860001,0.094000,183.929993,0.043000,171.309998,Shelf
"63022 Heywood Shoal",124.050000,-13.467000,Truth_Shelf,1.506000,63.630001,0.946000,121.500000,0.259000,39.380001,0.273000,119.940002,0.297000,175.470001,0.236000,159.660004,0.086000,176.929993,0.070000,152.210007,Shelf
"63023 Pee Shoal",124.833000,-11.767000,Truth_Shelf,0.907000,79.029999,0.515000,122.500000,0.179000,63.180000,0.148000,120.839996,0.344000,182.470001,0.202000,167.759995,0.100000,183.929993,0.052000,175.110001,Shelf
"63028 Van Cloon Sho",126.417000,-12.650000,Truth_Shelf,0.556000,76.029999,0.376000,122.300003,0.071000,62.180000,0.106000,121.440002,0.406000,184.970001,0.228000,176.559998,0.113000,184.729996,0.047000,159.309998,Shelf
"63040 Lesueur I.",127.283000,-13.833000,Truth_Shelf,0.391000,305.730011,0.063000,3.400000,0.075000,290.579987,0.018000,1.840000,0.567000,202.669998,0.321000,198.860001,0.152000,205.429993,0.039000,199.610001,Shelf
"63107 Calder Shoal",129.067000,-10.850000,Truth_Shelf,0.634000,165.850006,0.291000,222.300003,0.119000,148.320007,0.082000,225.419998,0.434000,188.509995,0.234000,174.839996,0.124000,187.990005,0.048000,156.809998,Shelf
"63177 Cape Scott (o",129.533000,-13.417000,Truth_Shelf,1.433000,245.449997,0.685000,292.399994,0.224000,220.720001,0.192000,290.119995,0.526000,192.410004,0.329000,182.539993,0.147000,194.990005,0.061000,164.509995,Shelf
"63447 Cape Wessel w",136.017000,-10.917000,Truth_Shelf,0.988000,297.450012,0.333000,4.700000,0.225000,278.920013,0.106000,351.019989,0.348000,287.410004,0.391000,251.940002,0.086000,276.790009,0.096000,213.309998,Shelf
"63483 Truant I.",136.817000,-11.650000,Truth_Shelf,0.848000,330.850006,0.265000,44.299999,0.180000,300.720001,0.088000,24.620001,0.325000,313.709991,0.254000,252.339996,0.077000,309.690002,0.045000,217.910004,Shelf
"63587 Nassau R. (OF",140.200000,-15.400000,Truth_Shelf,0.041000,140.759995,0.040000,280.899994,0.003000,198.199997,nan,nan,0.513000,153.490005,0.364000,90.269997,0.144000,156.110001,0.073000,53.709999,Shelf
"'CRAIG, AK'",-133.142000,55.488300,NOAA,1.135000,269.299988,0.335000,301.200012,0.237000,243.000000,0.091000,303.799988,0.442000,263.200012,0.272000,247.000000,0.146000,262.000000,0.023000,356.200012,Deep
"'Chirikof Island, AK'",-155.740000,55.808300,NOAA,0.903000,302.899994,0.310000,335.399994,0.179000,280.500000,0.084000,338.000000,0.440000,277.200012,0.300000,260.399994,0.146000,275.899994,0.056000,257.600006,Deep
"'North Foreland, AK'",-151.163000,61.043300,NOAA,2.480000,75.099998,0.740000,108.900002,0.448000,39.700001,0.201000,111.599998,0.592000,327.299988,0.362000,313.399994,0.196000,326.200012,0.078000,317.100006,Deep
"'SEAL ISLAND, AK'",-147.410000,60.425000,NOAA,1.346000,288.799988,0.455000,319.600006,0.279000,264.399994,0.124000,322.100006,0.488000,273.200012,0.293000,258.000000,0.161000,272.000000,0.060000,249.300003,Deep
"'Saipan,'",145.737005,15.227156,NOAA,0.188000,296.200012,0.043000,305.299988,0.046000,278.899994,0.015000,300.700012,0.167000,64.900002,0.113000,45.599998,0.061000,66.699997,0.025000,33.299999,Deep
"'Sitkalidak Island GPS Tide Buoy, AK'",-153.252200,56.965700,NOAA,0.908000,298.700012,0.328000,329.200012,0.180000,274.600006,0.089000,331.700012,0.335000,272.200012,0.227000,258.100006,0.111000,271.200012,0.043000,257.600006,Deep
"'Trident Bay, Akun Island, AK'",-165.527000,54.140000,NOAA,0.252000,340.399994,0.122000,336.399994,0.076000,335.399994,0.033000,336.100006,0.327000,300.100006,0.238000,285.500000,0.108000,299.000000,0.048000,264.399994,Deep
"'Wake Island, Pacific Ocean,'",166.613394,19.288715,NOAA,0.288000,115.099998,0.146000,150.100006,0.048000,106.400002,0.042000,144.000000,0.063000,45.099998,0.051000,14.700000,0.020000,43.599998,0.013000,3.900000,Deep
"FORT POI   WOCE fas",-122.465000,37.807000,Truth_Coast,0.580000,210.039993,0.136000,217.250000,0.124000,184.130005,0.041000,208.339996,0.371000,226.289993,0.230000,209.699997,0.116000,224.039993,0.040000,202.369995,NS
"BEMPEX PC Guile",-169.343000,40.682000,Truth_Pelagic,0.189000,321.899994,0.098000,326.739990,0.049000,313.799988,0.028000,319.399994,0.202000,283.500000,0.137000,272.299988,0.064000,279.600006,0.024000,268.399994,Deep
"BEMPEX PD Aug86",-156.012000,40.465000,Truth_Pelagic,0.340000,290.399994,0.144000,321.290009,0.064000,275.700012,0.041000,314.700012,0.239000,260.500000,0.150000,247.899994,0.076000,256.899994,0.026000,242.399994,Deep
"BEMPEX PH     Aug86",-160.068000,43.338000,Truth_Pelagic,0.351000,299.899994,0.149000,324.500000,0.073000,285.899994,0.042000,317.600006,0.259000,271.100006,0.166000,258.000000,0.082000,267.200012,0.029000,252.399994,Deep
"DART 23227  Bay_Ben",88.792000,6.255000,Truth_Pelagic,0.148000,44.459999,0.064000,63.150002,0.034000,41.439999,0.017000,61.860001,0.064000,214.770004,0.026000,182.039993,0.018000,216.020004,0.007000,90.500000,Deep
"DART 32413  Equator",-93.500000,-7.397000,Truth_Pelagic,0.326000,255.309998,0.135000,275.720001,0.072000,235.589996,0.037000,270.510010,0.095000,27.680000,0.032000,346.980011,0.029000,26.350000,0.003000,294.739990,Deep
"DART 46409  Gulf_Al",-148.427109,55.300000,Truth_Pelagic,0.883000,288.260010,0.297000,319.480011,0.185000,264.200012,0.081000,312.559998,0.439000,268.309998,0.275000,253.350006,0.138000,265.269989,0.049000,246.300003,Deep
"DART 46412  San Die",-120.699000,32.247000,Truth_Pelagic,0.423000,150.869995,0.160000,141.240005,0.102000,128.880005,0.047000,133.699997,0.328000,211.960007,0.208000,197.009995,0.104000,208.369995,0.038000,189.039993,Deep
"DART_21413 (2006",152.118000,30.550000,Truth_Pelagic,0.112000,178.339996,0.070000,224.220001,0.008000,141.919998,0.020000,216.669998,0.142000,30.299999,0.115000,8.800000,0.045000,28.270000,0.024000,358.130005,Deep
"DART_21415   (2007",171.717184,50.196995,Truth_Pelagic,0.176000,94.300003,0.033000,204.479996,0.047000,39.990002,0.009000,206.449997,0.329000,335.200012,0.241000,317.899994,0.106000,332.059998,0.047000,308.690002,Deep
"DART_21418 (2007",148.694000,38.711000,Truth_Pelagic,0.217000,178.029999,0.109000,223.479996,0.025000,147.610001,0.031000,217.669998,0.205000,21.709999,0.167000,3.290000,0.065000,21.100000,0.035000,352.260010,Deep
"60610 Rabbit I.",146.517000,-38.917000,Truth_Shelf,0.697000,43.160000,0.169000,216.600006,0.165000,7.700000,0.034000,228.380005,0.238000,297.989990,0.158000,273.769989,0.071000,293.709991,0.038000,251.910004,Shelf
"61945 Greenly I.",134.783000,-34.650000,Truth_Shelf,0.157000,73.449997,0.190000,110.500000,0.011000,169.520004,0.056000,109.220001,0.165000,238.210007,0.126000,223.740005,0.049000,235.190002,0.033000,208.509995,Shelf
"IAPSO 2.1.18 60",-171.083000,60.433000,Truth_Shelf,0.205000,171.000000,0.022000,249.000000,0.069000,121.000000,0.005000,235.000000,0.181000,326.000000,0.098000,310.000000,0.058000,323.000000,0.018000,302.000000,Shelf
"IAPSO 2.1.19    58",-168.233000,58.617000,Truth_Shelf,0.334000,151.000000,0.019000,249.000000,0.111000,98.000000,0.004000,240.000000,0.124000,303.000000,0.063000,305.000000,0.039000,300.000000,0.013000,312.000000,Shelf
"IAPSO 2.1.20    57",-163.367000,57.067000,Truth_Shelf,0.452000,157.000000,0.005000,343.000000,0.147000,102.000000,0.002000,10.000000,0.283000,13.000000,0.190000,358.000000,0.093000,11.000000,0.034000,348.000000,Shelf
"IAPSO 2.1.32    59",-175.133000,59.067000,Truth_Shelf,0.230000,106.000000,0.019000,196.000000,0.060000,61.000000,0.005000,251.000000,0.348000,334.000000,0.232000,318.000000,0.115000,333.000000,0.042000,313.000000,Shelf
"IAPSO 2.1.33    60",-178.700000,60.733000,Truth_Shelf,0.218000,87.000000,0.026000,164.000000,0.053000,43.000000,0.005000,189.000000,0.384000,334.000000,0.259000,317.000000,0.127000,333.000000,0.049000,311.000000,Shelf
"IAPSO 2.1.4     59",-141.983000,59.267000,Truth_Shelf,1.060000,281.500000,0.351000,312.000000,0.219000,258.200012,0.090000,313.000000,0.483000,264.500000,0.290000,251.000000,0.158000,263.500000,0.049000,247.699997,Shelf
"IAPSO 2.1.7     55",-165.817000,55.500000,Truth_Shelf,0.355000,106.000000,0.018000,327.000000,0.132000,52.000000,0.005000,321.000000,0.344000,325.000000,0.238000,311.000000,0.114000,322.000000,0.043000,305.000000,Shelf
"IAPSO 2.1.8     55",-165.167000,55.017000,Truth_Shelf,0.419000,89.000000,0.031000,5.000000,0.158000,40.000000,0.009000,349.000000,0.409000,320.000000,0.264000,304.000000,0.133000,317.000000,0.052000,293.000000,Shelf
"Platform Harvest  O",-120.682000,34.469000,Truth_Shelf,0.476000,163.300003,0.155000,157.369995,0.111000,139.449997,0.045000,148.639999,0.349000,214.179993,0.220000,199.080002,0.111000,210.839996,0.040000,191.199997,Shelf
"South China ASIAEX",117.283000,21.614000,Truth_Shelf,0.130000,5.300000,0.052000,19.600000,nan,nan,nan,nan,0.254000,170.600006,0.237000,127.400002,nan,nan,nan,nan,Shelf
"Yellow Sea NRL-A",125.251000,33.267000,Truth_Shelf,0.647000,71.500000,0.248000,86.099998,0.137000,55.200001,0.068000,95.000000,0.205000,86.199997,0.145000,65.500000,0.068000,77.199997,nan,nan,Shelf
"'Cape Sarichef, Unimak Island, AK'",-164.928000,54.600000,NOAA,0.410000,65.199997,0.027000,5.100000,0.135000,24.500000,0.007000,0.200000,0.398000,308.700012,0.282000,296.100006,0.132000,307.799988,0.060000,266.100006,Deep
"IAPSO 2.1.21    55",-163.017000,55.700000,Truth_Shelf,0.714000,134.000000,0.014000,45.000000,0.245000,81.000000,0.006000,28.000000,0.490000,335.000000,0.313000,318.000000,0.160000,332.000000,0.058000,307.000000,Shelf
"Roti, Savu Sea",122.682000,-10.815000,Truth_Shelf,0.840000,69.860001,0.453000,120.150002,0.148000,47.150002,0.128000,120.290001,0.267000,173.669998,0.167000,163.949997,0.081000,170.660004,0.038000,154.490005,Shelf
"South China ASIAEX",117.058000,22.186000,Truth_Shelf,0.119000,36.799999,0.042000,28.700001,nan,nan,nan,nan,0.251000,169.199997,0.242000,131.100006,nan,nan,nan,nan,Shelf
"Abashiri",144.287517,44.023158,GESLA,0.171000,163.222000,0.079000,207.363007,0.026000,138.451004,0.023000,201.856003,0.213000,53.660999,0.221000,31.958000,0.074000,50.935001,0.047000,17.287001,Deep
"Acajutla-a",-89.842055,13.578127,GESLA,0.746000,241.160004,0.151000,311.868988,0.162000,206.507996,0.037000,303.515991,0.098000,94.265999,0.055000,121.098999,0.031000,93.987000,0.013000,132.800003,Deep
"Alert bay,bc",-126.931000,50.587000,GESLA,1.276000,156.013000,0.408000,170.104996,0.261000,140.608002,0.110000,159.964996,0.517000,15.939000,0.311000,16.556000,0.163000,14.564000,0.053000,18.513000,Deep
"Apia-b",-171.750000,-13.816700,GESLA,0.390000,165.559006,0.095000,153.084000,0.106000,153.860992,0.026000,146.093994,0.042000,62.001999,0.032000,47.034000,0.013000,55.264000,0.006000,39.997002,Deep
"Arica",-70.333300,-18.466700,GESLA,0.330000,27.646000,0.094000,49.286999,0.072000,348.677002,0.031000,39.862000,0.151000,33.118000,0.084000,350.658997,0.045000,29.013000,0.014000,322.665985,Deep
"Ayukawa",141.503991,38.292708,GESLA,0.318000,191.272995,0.148000,226.559998,0.041000,176.850006,0.042000,220.897995,0.240000,28.016001,0.195000,11.209000,0.078000,25.862000,0.040000,1.027000,Deep
"Bahia los angeles",-113.550000,28.958300,GESLA,0.654000,261.237000,0.349000,269.063995,0.186000,250.289001,0.096000,265.911011,0.339000,185.302994,0.221000,173.322998,0.109000,182.216003,0.041000,166.029999,Deep
"Balikpapan",116.803691,-1.271505,GESLA,0.604000,284.186005,0.461000,334.714996,0.079000,266.174988,0.140000,331.549011,0.236000,162.742996,0.170000,140.149002,0.072000,157.860992,0.039000,136.434998,Deep
"Base prat-a",-59.633300,-62.483300,GESLA,0.439000,282.093994,0.243000,336.078003,0.058000,250.617996,0.069000,335.635010,0.276000,64.459000,0.288000,48.784000,0.091000,62.959999,0.066000,36.876999,Deep
"Booby island",141.916700,-10.600000,GESLA,0.718000,202.369003,0.140000,323.028992,0.169000,161.684998,0.048000,294.798004,0.696000,44.481998,0.429000,352.334015,0.182000,36.564999,0.080000,328.665009,Deep
"Broome",122.219296,-18.000898,GESLA,2.387000,65.898003,1.481000,125.834000,0.400000,40.243000,0.415000,123.718002,0.256000,171.867996,0.159000,160.850998,0.072000,173.514999,0.035000,153.718002,Deep
"Casey",110.490041,-66.276947,GESLA,0.289000,142.533005,0.165000,198.791000,0.071000,123.086998,0.044000,196.660004,0.261000,242.574005,0.261000,235.016998,0.085000,244.369003,0.061000,226.222000,Deep
"Chabahar",60.602957,25.298756,GESLA,0.665000,155.772003,0.257000,185.014008,0.164000,138.526001,0.069000,179.996002,0.397000,338.730988,0.206000,339.955994,0.122000,336.182007,0.043000,340.704987,Deep
"Christmas-b",-157.471700,1.981700,GESLA,0.264000,80.116997,0.085000,97.315002,0.042000,79.264000,0.023000,84.597000,0.082000,214.171005,0.038000,194.839996,0.025000,213.606995,0.006000,174.738007,Deep
"Cocos",96.891148,-12.116732,GESLA,0.308000,311.190002,0.113000,347.914001,0.070000,297.281006,0.031000,344.252014,0.147000,154.401993,0.090000,145.397995,0.045000,152.057007,0.019000,134.895996,Deep
"Colombo",79.834121,6.964313,GESLA,0.180000,245.565002,0.125000,288.356995,0.022000,234.117004,0.036000,285.084015,0.071000,309.839996,0.030000,340.348999,0.022000,314.087006,0.009000,3.212000,Deep
"Corinto",-87.116700,12.283300,GESLA,0.882000,245.651001,0.191000,313.511993,0.184000,212.654007,0.044000,307.691986,0.101000,90.183998,0.048000,115.498001,0.030000,88.525002,0.012000,134.567001,Deep
"Crozet-b",51.871341,-46.426849,GESLA,0.138000,157.498001,0.038000,193.751999,0.032000,140.257004,0.010000,185.522995,0.030000,133.656998,0.027000,297.924988,0.006000,113.440002,0.008000,287.441986,Deep
"Dallmann-c",-58.683300,-62.233300,GESLA,0.454000,283.876007,0.250000,335.479004,0.060000,254.427994,0.071000,336.244995,0.278000,63.901001,0.296000,47.216000,0.089000,61.469002,0.071000,34.265999,Deep
"Darwin",130.847168,-12.472818,GESLA,1.856000,249.294006,0.961000,297.979004,0.348000,228.328995,0.269000,295.684998,0.583000,200.307999,0.331000,189.988007,0.162000,203.867996,0.077000,184.460007,Deep
"Davao-b",125.629051,7.076188,GESLA,0.564000,286.320007,0.287000,320.584991,0.099000,272.296997,0.084000,319.296997,0.129000,98.788002,0.087000,86.921997,0.045000,91.007004,0.016000,94.352997,Deep
"Davis",77.966700,-68.450000,GESLA,0.202000,207.309998,0.177000,307.221008,0.059000,171.087997,0.050000,309.027008,0.275000,276.614014,0.287000,269.388000,0.090000,275.662994,0.067000,260.670013,Deep
"Diego garcia-d",72.410013,-7.292530,GESLA,0.492000,263.631989,0.285000,293.563995,0.088000,260.726013,0.080000,288.683014,0.037000,71.869003,0.040000,67.219002,0.013000,58.668999,0.009000,53.330002,Deep
"Diego ramirez",-68.715000,-56.508300,GESLA,0.403000,230.462006,0.032000,247.363007,0.103000,189.044006,0.012000,233.839996,0.186000,97.406998,0.153000,54.504002,0.058000,93.667000,0.031000,30.371000,Deep
"Dumont d'urville",140.010000,-66.661700,GESLA,0.274000,60.004002,0.153000,109.009003,0.074000,41.779999,0.044000,105.536003,0.304000,225.524002,0.312000,206.944000,0.101000,223.123993,0.071000,197.119003,Deep
"Dzaoudi",45.252108,-12.782532,GESLA,1.046000,27.236000,0.536000,66.749001,0.193000,5.793000,0.147000,63.437000,0.139000,3.860000,0.088000,6.440000,0.042000,2.764000,0.020000,351.558014,Deep
"East london",27.918159,-33.027351,GESLA,0.510000,46.763000,0.272000,74.617996,0.097000,41.955002,0.076000,71.441002,0.057000,142.013000,0.015000,278.056000,0.016000,139.132996,0.010000,261.121002,Deep
"Easter-c",-109.448300,-27.150000,GESLA,0.199000,14.085000,0.068000,235.171997,0.064000,342.027008,0.022000,237.481995,0.079000,15.827000,0.047000,356.967987,0.025000,12.229000,0.008000,349.950012,Deep
"Enewetok-a",162.386700,11.430000,GESLA,0.341000,145.210007,0.204000,164.292007,0.061000,147.869995,0.055000,154.406006,0.118000,71.625000,0.079000,45.051998,0.037000,72.342003,0.016000,33.966999,Deep
"Ensenada",-116.633300,31.850000,GESLA,0.489000,136.399994,0.208000,132.401001,0.115000,116.157997,0.061000,126.084999,0.322000,205.643997,0.208000,190.626999,0.102000,202.535004,0.038000,182.123001,Deep
"Esmeraldas",-79.646700,0.991700,GESLA,1.117000,246.266998,0.302000,300.187012,0.242000,215.209000,0.078000,295.019012,0.104000,53.044998,0.022000,52.171001,0.033000,51.632000,0.003000,142.011002,Deep
"Fanning-b",-159.386700,3.906700,GESLA,0.125000,144.130997,0.034000,169.031998,0.019000,147.550995,0.009000,160.207001,0.052000,257.233002,0.026000,241.307007,0.015000,261.871002,0.003000,230.513000,Deep
"French frigate-a",-166.288300,23.868300,GESLA,0.098000,58.001999,0.025000,47.797001,0.017000,44.993999,0.008000,28.160000,0.123000,234.720993,0.067000,227.957993,0.039000,232.248993,0.010000,227.839005,Deep
"Fukaura",139.923472,40.646777,GESLA,0.051000,178.067993,0.021000,212.703003,0.012000,162.567001,0.006000,201.078003,0.053000,212.671997,0.053000,186.921005,0.019000,209.279007,0.012000,170.651001,Deep
"Funafuti-b",179.194679,-8.504690,GESLA,0.577000,154.205994,0.244000,156.026993,0.138000,148.649994,0.067000,150.373001,0.087000,59.402000,0.053000,40.389000,0.026000,55.563000,0.010000,26.796000,Deep
"Gan",73.152137,-0.687639,GESLA,0.300000,252.272003,0.181000,286.165985,0.048000,248.343994,0.051000,282.513000,0.090000,358.968994,0.053000,14.466000,0.026000,0.038000,0.013000,15.856000,Deep
"Gobo",135.167193,33.842417,GESLA,0.481000,263.354004,0.219000,287.806000,0.087000,258.951996,0.059000,281.721008,0.219000,53.512001,0.172000,33.201000,0.072000,51.452000,0.035000,21.225000,Deep
"Guadalupe",-118.300000,28.883300,GESLA,0.415000,125.346001,0.197000,122.401001,0.103000,106.289001,0.059000,118.013000,0.294000,203.382996,0.183000,188.901001,0.094000,200.438004,0.034000,182.272003,Deep
"Guam",144.655745,13.443829,GESLA,0.220000,291.360992,0.056000,311.247009,0.048000,277.000000,0.015000,306.726013,0.164000,67.682999,0.113000,44.777000,0.055000,65.721001,0.024000,34.685001,Deep
"Hamada",132.063419,34.897923,GESLA,0.080000,89.019997,0.039000,99.509003,0.019000,93.309998,0.011000,91.964996,0.072000,220.778000,0.088000,193.813995,0.025000,216.850998,0.021000,173.199997,Deep
"Harvest oil p.,ca",-120.673300,34.468300,GESLA,0.476000,163.143005,0.155000,156.964005,0.111000,139.026001,0.045000,148.671005,0.348000,214.188004,0.221000,199.085007,0.111000,210.505005,0.040000,190.843994,Deep
"Hilo, hawaii",-155.066700,19.733300,GESLA,0.219000,29.063000,0.090000,34.165001,0.043000,20.556000,0.026000,26.731001,0.163000,233.389999,0.089000,223.216995,0.050000,231.455994,0.015000,215.317001,Deep
"Honiara-b",159.958669,-9.425066,GESLA,0.052000,165.498993,0.073000,203.369995,0.012000,257.223999,0.020000,194.856995,0.224000,45.417999,0.109000,22.184000,0.067000,41.889999,0.019000,4.622000,Deep
"Jarvis",-160.033300,-0.383300,GESLA,0.247000,95.619003,0.096000,99.122002,0.044000,89.302002,0.000000,0.000000,0.054000,211.035995,0.026000,181.878006,0.002000,88.056999,0.003000,141.143005,Deep
"Johnston",-169.530000,16.738300,GESLA,0.260000,100.503998,0.101000,122.372002,0.050000,98.491997,0.026000,115.889000,0.079000,214.882996,0.035000,224.479004,0.024000,211.681000,0.005000,235.792999,Deep
"Jolo",120.999506,6.058698,GESLA,0.170000,0.487000,0.101000,34.567001,0.028000,345.963013,0.031000,35.539001,0.251000,194.378006,0.246000,163.119995,0.080000,194.554993,0.050000,148.304001,Deep
"Kagoshima",130.570857,31.583204,GESLA,0.771000,303.571014,0.338000,329.300995,0.145000,297.856995,0.094000,323.707001,0.252000,70.511002,0.198000,50.327000,0.082000,68.172997,0.041000,37.882999,Deep
"Kaohsiung",120.255405,22.618229,GESLA,0.181000,350.497009,0.069000,352.199005,0.041000,339.308990,0.018000,354.901001,0.174000,166.345993,0.160000,129.563004,0.057000,161.182007,0.032000,108.690002,Deep
"Kawaihae",-155.833300,20.033300,GESLA,0.197000,58.196999,0.064000,63.506001,0.037000,48.257999,0.018000,52.682999,0.158000,226.511993,0.088000,213.990005,0.049000,224.016006,0.013000,206.429001,Deep
"Keelung",121.752253,25.158778,GESLA,0.228000,47.310001,0.056000,40.424000,0.058000,20.789000,0.014000,32.327000,0.188000,107.059998,0.156000,82.751999,0.062000,104.414001,0.032000,67.406998,Deep
"Keling",102.152935,2.211634,GESLA,0.612000,356.040985,0.298000,35.625000,0.110000,346.890991,0.083000,30.612000,0.092000,32.300999,0.215000,33.776001,0.030000,7.692000,0.028000,9.259000,Deep
"Kerguelen",70.142766,-49.411557,GESLA,0.521000,190.233994,0.219000,230.371994,0.114000,172.397003,0.060000,227.434006,0.079000,151.449005,0.019000,117.161003,0.024000,145.559006,0.001000,132.804993,Deep
"Knysna",23.060567,-34.081756,GESLA,0.555000,55.483002,0.276000,82.508003,0.111000,53.313000,0.078000,79.147003,0.065000,146.619995,0.019000,270.906006,0.018000,143.097000,0.010000,258.250000,Deep
"Kwajalein",167.733364,8.731752,GESLA,0.470000,127.415001,0.264000,148.604996,0.089000,126.772003,0.074000,143.716003,0.101000,67.183998,0.065000,38.814999,0.032000,65.779999,0.013000,26.358999,Deep
"La jolla (scripps pier)",-117.258000,32.866700,GESLA,0.499000,141.822998,0.202000,138.584000,0.118000,121.149002,0.058000,131.697998,0.332000,207.216995,0.213000,191.468002,0.106000,204.705994,0.039000,183.292999,Deep
"Lae",146.990424,-6.744690,GESLA,0.058000,157.651001,0.108000,185.436996,0.022000,248.625000,0.030000,177.610992,0.248000,53.778000,0.133000,31.614000,0.075000,50.285000,0.023000,14.694000,Deep
"Lautoka",177.437173,-17.605476,GESLA,0.629000,191.628006,0.148000,192.440002,0.147000,172.218002,0.042000,185.367996,0.111000,48.840000,0.061000,35.988998,0.033000,44.681999,0.010000,21.430000,Deep
"Legaspi",123.760450,13.146636,GESLA,0.527000,284.835999,0.221000,312.993011,0.097000,272.834991,0.063000,311.084991,0.160000,78.880997,0.110000,70.305000,0.052000,79.107002,0.025000,62.139000,Deep
"Lobos de afuera",-80.716700,-6.933300,GESLA,0.412000,265.556000,0.142000,299.582001,0.098000,241.039993,0.040000,298.225006,0.127000,30.785999,0.050000,351.388000,0.038000,28.759001,0.006000,313.674011,Deep
"Lord howe-b",159.066802,-31.516714,GESLA,0.600000,302.101013,0.176000,319.649994,0.124000,293.739014,0.051000,310.972992,0.137000,352.890015,0.077000,318.302002,0.041000,347.069000,0.017000,292.640991,Deep
"Los angeles",-118.272000,33.720000,GESLA,0.516000,145.584000,0.203000,141.337006,0.122000,124.466003,0.059000,134.811005,0.341000,207.660004,0.218000,192.479004,0.108000,203.817993,0.039000,184.315002,Deep
"Madang",145.800129,-5.210952,GESLA,0.095000,279.704010,0.060000,176.522995,0.042000,253.679001,0.016000,166.852997,0.243000,59.216999,0.144000,45.950001,0.076000,57.835999,0.027000,35.021999,Deep
"Majuro-b",171.370879,7.106591,GESLA,0.522000,130.429993,0.279000,150.307999,0.104000,130.020004,0.078000,145.807007,0.086000,71.545998,0.053000,39.688000,0.027000,69.170998,0.011000,23.459000,Deep
"Malakal-b",134.457978,7.329787,GESLA,0.524000,301.042999,0.208000,331.898987,0.101000,286.140991,0.059000,324.246002,0.198000,85.128998,0.147000,67.961998,0.064000,85.902000,0.026000,57.936001,Deep
"Male-b,hulule",73.516725,4.178486,GESLA,0.236000,226.261993,0.138000,270.381989,0.035000,208.343994,0.036000,267.502991,0.116000,344.888000,0.063000,359.644989,0.037000,341.713013,0.016000,8.039000,Deep
"Manta-b",-80.721700,-0.931700,GESLA,0.904000,247.748001,0.255000,297.790009,0.193000,217.634995,0.066000,292.852997,0.106000,45.594002,0.023000,21.424999,0.033000,45.435001,0.001000,139.306000,Deep
"Manzanillo-b",-104.333300,19.050000,GESLA,0.152000,105.789001,0.168000,89.825996,0.050000,105.107002,0.049000,89.447998,0.163000,165.783997,0.121000,158.664001,0.051000,161.727997,0.024000,153.666000,Deep
"Massacre bay,ak",173.200000,52.833300,GESLA,0.214000,97.561996,0.031000,194.457993,0.056000,42.813000,0.007000,189.059998,0.330000,335.457001,0.228000,320.518005,0.106000,332.493988,0.043000,313.109985,Deep
"Matarani-b",-72.116700,-17.000000,GESLA,0.311000,21.757000,0.087000,45.237000,0.070000,341.087006,0.029000,35.395000,0.157000,32.367001,0.085000,351.024994,0.047000,28.594999,0.014000,322.927002,Deep
"Mawson",62.883300,-67.600000,GESLA,0.032000,233.498993,0.112000,9.254000,0.022000,176.914993,0.033000,11.293000,0.233000,292.148987,0.252000,284.920013,0.077000,291.966003,0.059000,276.395996,Deep
"Meneng",114.387420,-8.199963,GESLA,0.458000,77.972000,0.226000,111.685997,0.088000,56.021000,0.066000,107.862999,0.311000,176.889008,0.195000,158.246002,0.094000,178.688004,0.042000,153.544998,Deep
"Minamidaito",131.226777,25.870523,GESLA,0.522000,285.756989,0.221000,311.148987,0.101000,277.162994,0.060000,305.739990,0.190000,69.656998,0.148000,51.900002,0.061000,68.051003,0.031000,39.765999,Deep
"Minamitorishima",153.976911,24.282515,GESLA,0.079000,144.912003,0.048000,189.362000,0.009000,106.773003,0.014000,188.535004,0.100000,43.508999,0.078000,20.587999,0.032000,43.960999,0.017000,7.140000,Deep
"Miyakeshima",139.546331,34.056073,GESLA,0.362000,232.710007,0.168000,260.227997,0.056000,229.845001,0.050000,256.263000,0.228000,36.192001,0.179000,18.066999,0.075000,34.363998,0.037000,8.962000,Deep
"Murotomisaki",134.162280,33.263112,GESLA,0.493000,264.946991,0.218000,289.121002,0.090000,259.687988,0.061000,283.946014,0.220000,54.300999,0.170000,34.297001,0.073000,52.000999,0.035000,22.948000,Deep
"Nacala-b",40.674362,-14.458137,GESLA,1.046000,28.226999,0.588000,55.660999,0.187000,18.464001,0.000000,0.000000,0.109000,340.998993,0.087000,7.631000,0.002000,92.038002,0.019000,359.265015,Deep
"Nakano shima",129.849149,29.837689,GESLA,0.587000,296.231995,0.253000,321.408997,0.111000,289.841003,0.071000,316.449005,0.233000,68.521004,0.181000,48.737000,0.077000,66.675003,0.038000,36.500000,Deep
"Nishinoomote",130.988386,30.735486,GESLA,0.588000,292.760010,0.257000,317.850006,0.111000,286.915009,0.071000,312.940002,0.230000,68.019997,0.180000,48.493999,0.076000,65.856003,0.038000,36.308998,Deep
"Norfolk island-b",167.933300,-29.066700,GESLA,0.524000,266.212006,0.156000,307.239990,0.086000,248.283997,0.044000,301.700989,0.099000,12.820000,0.041000,336.725006,0.030000,5.504000,0.008000,295.455994,Deep
"Noto",137.155271,37.500909,GESLA,0.058000,166.074005,0.021000,192.597000,0.015000,152.964996,0.006000,182.727997,0.054000,209.022003,0.055000,182.380005,0.018000,208.203995,0.012000,164.608994,Deep
"Nuku hiva",-140.081700,-8.930000,GESLA,0.487000,30.945999,0.082000,27.601999,0.106000,5.351000,0.023000,12.945000,0.052000,227.686005,0.030000,188.041000,0.016000,230.201996,0.005000,151.216003,Deep
"Nuku'alofa",-175.166700,-21.133300,GESLA,0.514000,197.785995,0.058000,226.686005,0.125000,171.104996,0.015000,214.184998,0.066000,50.863998,0.036000,37.772999,0.020000,46.265999,0.006000,21.481001,Deep
"Pago bay, guam",144.799527,13.426769,GESLA,0.131000,277.425995,0.025000,270.432007,0.030000,257.273010,0.006000,272.164001,0.143000,62.762001,0.103000,42.349998,0.045000,64.747002,0.018000,32.750999,Deep
"Palmyra island",-162.088300,5.883300,GESLA,0.298000,97.549004,0.110000,118.593002,0.054000,97.455002,0.029000,108.514000,0.080000,204.662994,0.037000,188.352005,0.025000,199.554993,0.005000,164.669998,Deep
"Papeete-b",-149.566700,-17.525000,GESLA,0.064000,307.303009,0.071000,319.638000,0.008000,267.970001,0.021000,317.457001,0.006000,291.217010,0.015000,87.827003,0.002000,301.210999,0.004000,76.541000,Deep
"Pari",106.620777,-5.862018,GESLA,0.019000,85.945000,0.034000,41.145000,0.009000,54.882999,0.026000,18.025000,0.216000,18.673000,0.123000,5.752000,0.117000,16.496000,0.032000,1.690000,Deep
"Pemba-c",40.487730,-12.969126,GESLA,1.136000,30.274000,0.588000,71.019997,0.199000,9.014000,0.165000,68.813004,0.126000,0.165000,0.087000,4.804000,0.038000,359.360992,0.018000,353.200989,Deep
"Penang",100.349704,5.416958,GESLA,0.616000,152.772003,0.365000,186.714996,0.117000,150.470001,0.100000,181.798004,0.197000,236.951996,0.051000,178.270996,0.064000,240.016998,0.011000,132.313004,Deep
"Penrhyn",-158.053300,-8.976700,GESLA,0.094000,150.757004,0.022000,126.722000,0.022000,172.485001,0.007000,109.528999,0.027000,220.304993,0.013000,177.106003,0.009000,224.050995,0.002000,129.873001,Deep
"Pohnpei-b",158.198443,6.982909,GESLA,0.275000,124.581001,0.194000,146.561996,0.049000,132.005005,0.056000,142.681000,0.160000,62.213001,0.098000,41.262001,0.049000,60.544998,0.018000,29.275999,Deep
"Port angeles, wa",-123.440000,48.125000,GESLA,0.518000,307.044006,0.146000,326.539001,0.118000,279.886993,0.029000,332.722992,0.668000,261.589996,0.392000,241.442993,0.209000,259.319000,0.067000,232.335007,Deep
"Port kembla",150.911507,-34.470381,GESLA,0.490000,307.282990,0.119000,320.085999,0.109000,298.158997,0.035000,308.790009,0.165000,328.308990,0.105000,294.660004,0.051000,322.889008,0.024000,271.960999,Deep
"Port stanvac",138.466775,-35.106975,GESLA,0.434000,188.078003,0.428000,246.766998,0.026000,286.800995,0.123000,245.085007,0.244000,264.567993,0.167000,247.824005,0.071000,260.445007,0.038000,235.455002,Deep
"Portland,s.aus.",141.621672,-38.343870,GESLA,0.129000,44.868000,0.140000,111.702003,0.009000,276.776001,0.039000,111.295998,0.180000,253.934998,0.131000,237.022003,0.056000,249.431000,0.031000,224.606995,Deep
"Pt. la rue",55.528042,-4.671999,GESLA,0.398000,14.027000,0.178000,52.667000,0.083000,350.147003,0.048000,49.452999,0.182000,0.190000,0.104000,5.317000,0.055000,359.292999,0.023000,0.591000,Deep
"Puerto madero",-92.433300,14.716700,GESLA,0.607000,241.804001,0.108000,323.820007,0.131000,201.613998,0.024000,316.066986,0.099000,106.449997,0.064000,128.612000,0.029000,104.802002,0.015000,139.518997,Deep
"Puerto princesa",118.731540,9.728598,GESLA,0.296000,71.444000,0.162000,103.067001,0.047000,55.532001,0.050000,108.700996,0.342000,200.097000,0.302000,163.177002,0.116000,199.423004,0.059000,148.457001,Deep
"Reunion",55.287446,-20.922293,GESLA,0.174000,282.653015,0.092000,295.951996,0.045000,281.675995,0.025000,289.873993,0.053000,82.644997,0.033000,48.248001,0.017000,77.765999,0.007000,11.623000,Deep
"Rikitea",-134.953300,-23.125000,GESLA,0.265000,349.479004,0.091000,308.085999,0.068000,332.671997,0.027000,300.653992,0.024000,5.766000,0.018000,45.848000,0.009000,0.624000,0.004000,56.571999,Deep
"Rodrigues",63.418142,-19.668004,GESLA,0.400000,255.979004,0.250000,283.002991,0.075000,257.977997,0.072000,278.842010,0.055000,95.486000,0.037000,73.630997,0.017000,93.425003,0.006000,40.646000,Deep
"Rothera",-68.133300,-67.566700,GESLA,0.123000,259.188995,0.187000,63.337002,0.061000,145.871002,0.055000,67.610001,0.301000,88.085999,0.246000,73.274002,0.097000,85.734001,0.051000,66.003998,Deep
"Saint paul",77.537785,-38.712998,GESLA,0.398000,228.955002,0.214000,272.614990,0.072000,211.878006,0.061000,269.933990,0.069000,151.167999,0.033000,173.576004,0.020000,150.847000,0.008000,187.259003,Deep
"Saipan-b",145.737001,15.227176,GESLA,0.194000,297.248993,0.049000,309.669006,0.044000,279.056000,0.012000,306.605988,0.163000,66.235001,0.115000,46.949001,0.053000,63.924999,0.023000,33.887001,Deep
"Salalah",54.019484,16.937734,GESLA,0.315000,144.843994,0.124000,168.212006,0.084000,133.110992,0.034000,162.138000,0.364000,344.566010,0.187000,347.351990,0.111000,342.447998,0.040000,348.882996,Deep
"Salina cruz",-95.203300,16.160000,GESLA,0.485000,243.065994,0.080000,341.713013,0.107000,203.100006,0.017000,340.925995,0.103000,118.946999,0.070000,134.904007,0.033000,117.793999,0.016000,139.237000,Deep
"San felipe",-114.818300,31.018300,GESLA,1.606000,296.761993,0.936000,305.872009,0.433000,281.519989,0.260000,303.576996,0.406000,202.188004,0.258000,188.817993,0.125000,198.858002,0.047000,178.649002,Deep
"San felix",-80.108300,-26.291700,GESLA,0.263000,45.241001,0.070000,77.836998,0.059000,4.857000,0.022000,65.139999,0.143000,34.112999,0.088000,354.729004,0.044000,30.608999,0.016000,332.247009,Deep
"San francisco",-122.465000,37.806700,GESLA,0.577000,208.447006,0.136000,215.906006,0.123000,183.218994,0.041000,206.658997,0.370000,225.309998,0.231000,208.675003,0.116000,223.121994,0.040000,201.531998,Deep
"San juan-a",-75.200000,-15.366700,GESLA,0.256000,4.690000,0.068000,20.864000,0.063000,324.716003,0.024000,12.532000,0.155000,29.580000,0.083000,349.731995,0.046000,26.798000,0.014000,320.501007,Deep
"San martin-c",-67.100000,-68.133300,GESLA,0.117000,258.916992,0.187000,63.870998,0.071000,148.886993,0.054000,70.696999,0.300000,88.070999,0.242000,72.496002,0.095000,87.834000,0.054000,64.144997,Deep
"Santa barbara, ca",-119.685000,34.408300,GESLA,0.496000,156.580994,0.175000,150.580002,0.117000,133.843994,0.050000,143.339996,0.352000,212.481003,0.225000,197.136002,0.112000,209.042999,0.041000,188.776001,Deep
"Abashiri",144.287474,44.023171,JMA,0.171000,162.723007,0.079000,206.822998,nan,nan,nan,nan,0.214000,53.696999,0.221000,31.757000,nan,nan,nan,nan,Deep
"Aburatsubo",139.613352,35.139211,JMA,0.360000,227.246994,0.171000,255.126999,nan,nan,nan,nan,0.232000,37.513000,0.182000,18.783001,nan,nan,nan,nan,Deep
"Aoki",133.686906,34.367252,JMA,1.081000,58.833000,0.397000,92.572998,nan,nan,nan,nan,0.329000,102.226997,0.242000,78.266998,nan,nan,nan,nan,Deep
"Aomori",140.764081,40.835172,JMA,0.181000,183.097000,0.083000,221.246994,nan,nan,nan,nan,0.055000,19.403000,0.037000,8.353000,nan,nan,nan,nan,Deep
"Awashima",139.255236,38.466222,JMA,0.054000,171.190002,0.020000,203.300003,nan,nan,nan,nan,0.052000,209.850006,0.053000,184.039993,nan,nan,nan,nan,Deep
"Beppu",131.504302,33.299305,JMA,0.587000,338.450012,0.245000,6.990000,nan,nan,nan,nan,0.256000,74.389999,0.194000,52.610001,nan,nan,nan,nan,Deep
"Esashi",140.117905,41.867929,JMA,0.056000,180.643005,0.022000,218.473007,nan,nan,nan,nan,0.063000,238.326996,0.068000,207.417007,nan,nan,nan,nan,Deep
"Fukaura",139.923119,40.646711,JMA,0.051000,177.522995,0.021000,212.432999,nan,nan,nan,nan,0.053000,212.707001,0.053000,186.867004,nan,nan,nan,nan,Deep
"Fushikitoyama",137.069714,36.800687,JMA,0.059000,167.147003,0.022000,192.457001,nan,nan,nan,nan,0.053000,208.763000,0.052000,182.923004,nan,nan,nan,nan,Deep
"Gobo",135.167182,33.842417,JMA,0.481000,263.557007,0.218000,287.907013,nan,nan,nan,nan,0.220000,53.743000,0.172000,33.292999,nan,nan,nan,nan,Deep
"Hachijojima (Kaminato)",139.805407,33.134160,JMA,0.322000,239.330002,0.156000,266.190002,nan,nan,nan,nan,0.201000,41.500000,0.154000,24.629999,nan,nan,nan,nan,Deep
"Hachijojima (Yaene)",139.769821,33.096549,JMA,0.336000,245.117004,0.157000,270.006989,nan,nan,nan,nan,0.221000,50.033001,0.173000,28.563000,nan,nan,nan,nan,Deep
"Haedomari",130.877250,33.943432,JMA,0.355000,21.212999,0.172000,46.653000,nan,nan,nan,nan,0.120000,153.987000,0.125000,133.557007,nan,nan,nan,nan,Deep
"Hamada",132.063416,34.897912,JMA,0.079000,88.737000,0.039000,99.357002,nan,nan,nan,nan,0.072000,220.363007,0.087000,193.723007,nan,nan,nan,nan,Deep
"Hitachi",140.629782,36.498672,JMA,0.309000,201.033005,0.146000,233.882996,nan,nan,nan,nan,0.224000,29.017000,0.174000,11.677000,nan,nan,nan,nan,Deep
"Hiwasa",134.550000,33.716667,JMA,0.480000,263.799988,0.222000,289.079987,nan,nan,nan,nan,0.193000,49.939999,0.160000,35.529999,nan,nan,nan,nan,Deep
"Honmoku",139.689273,35.443429,JMA,0.445000,233.326996,0.218000,262.566986,nan,nan,nan,nan,0.246000,39.202999,0.194000,20.833000,nan,nan,nan,nan,Deep
"Ikuji",137.414527,36.889429,JMA,0.058000,167.507004,0.021000,194.477005,nan,nan,nan,nan,0.055000,208.873001,0.054000,182.492996,nan,nan,nan,nan,Deep
"Imabari",133.005665,34.074603,JMA,0.997000,47.349998,0.372000,81.000000,nan,nan,nan,nan,0.317000,100.949997,0.229000,78.230003,nan,nan,nan,nan,Deep
"Iyomishima",133.537683,33.995538,JMA,1.166000,56.060001,0.429000,90.370003,nan,nan,nan,nan,0.332000,102.730003,0.245000,78.720001,nan,nan,nan,nan,Deep
"Kagoshima",130.570851,31.583205,JMA,0.770000,303.416992,0.338000,329.277008,nan,nan,nan,nan,0.253000,70.612999,0.197000,50.393002,nan,nan,nan,nan,Deep
"Kannoura",134.306480,33.544063,JMA,0.479000,261.880005,0.213000,286.869995,nan,nan,nan,nan,0.211000,52.509998,0.164000,32.709999,nan,nan,nan,nan,Deep
"Kozushima",139.130721,34.210638,JMA,0.384000,246.233002,0.181000,272.252991,nan,nan,nan,nan,0.224000,47.247002,0.176000,27.087000,nan,nan,nan,nan,Deep
"Kure",133.250000,33.333333,JMA,0.499000,265.720001,0.220000,290.119995,nan,nan,nan,nan,0.216000,55.750000,0.167000,35.810001,nan,nan,nan,nan,Deep
"Kutsugata",141.129363,45.193541,JMA,0.037000,224.412994,0.020000,243.953003,nan,nan,nan,nan,0.054000,212.126999,0.054000,188.276993,nan,nan,nan,nan,Deep
"Matsumae",140.093305,41.421325,JMA,0.081000,200.710007,0.035000,237.490005,nan,nan,nan,nan,0.055000,126.790001,0.053000,113.500000,nan,nan,nan,nan,Deep
"Minamidaito",131.226788,25.870514,JMA,0.521000,285.893005,0.221000,311.233002,nan,nan,nan,nan,0.190000,69.527000,0.148000,51.957001,nan,nan,nan,nan,Deep
"Minamitorishima",153.976896,24.282516,JMA,0.079000,143.533005,0.048000,189.723007,nan,nan,nan,nan,0.098000,43.266998,0.077000,20.797001,nan,nan,nan,nan,Deep
"Miyakejima (Ako)",139.476906,34.067538,JMA,0.345000,236.973007,0.166000,263.852997,nan,nan,nan,nan,0.221000,45.117001,0.173000,25.896999,nan,nan,nan,nan,Deep
"Miyakejima (Tsubota)",139.546328,34.056076,JMA,0.365000,232.690002,0.168000,260.179993,nan,nan,nan,nan,0.229000,35.939999,0.180000,17.510000,nan,nan,nan,nan,Deep
"Murotomisaki",134.161710,33.262863,JMA,0.494000,264.846985,0.218000,289.377014,nan,nan,nan,nan,0.221000,54.423000,0.170000,34.382999,nan,nan,nan,nan,Deep
"Nakanoshima",129.849147,29.837693,JMA,0.587000,296.269989,0.255000,321.549988,nan,nan,nan,nan,0.233000,68.720001,0.180000,48.840000,nan,nan,nan,nan,Deep
"Nezugaseki",139.543241,38.562064,JMA,0.052000,173.809998,0.020000,206.679993,nan,nan,nan,nan,0.052000,211.309998,0.052000,185.029999,nan,nan,nan,nan,Deep
"Niihama",133.270143,33.984212,JMA,1.107000,52.926998,0.413000,87.467003,nan,nan,nan,nan,0.327000,102.572998,0.238000,79.583000,nan,nan,nan,nan,Deep
"Nishinoomote",130.988381,30.735468,JMA,0.589000,292.730011,0.258000,317.970001,nan,nan,nan,nan,0.230000,68.260002,0.180000,48.580002,nan,nan,nan,nan,Deep
"Noto",137.155276,37.500911,JMA,0.058000,165.820007,0.021000,192.039993,nan,nan,nan,nan,0.054000,209.160004,0.054000,182.149994,nan,nan,nan,nan,Deep
"Oga",139.707556,39.951892,JMA,0.051000,182.190002,0.020000,217.380005,nan,nan,nan,nan,0.054000,213.929993,0.053000,189.419998,nan,nan,nan,nan,Deep
"Ogi",138.282711,37.815294,JMA,0.056000,169.552994,0.020000,198.473007,nan,nan,nan,nan,0.053000,209.447006,0.054000,183.947006,nan,nan,nan,nan,Deep
"Okushiri",139.458185,42.062022,JMA,0.053000,186.792999,0.022000,220.593002,nan,nan,nan,nan,0.048000,200.647003,0.045000,179.447006,nan,nan,nan,nan,Deep
"Oma",140.900000,41.533333,JMA,0.202000,184.850006,0.094000,222.509995,nan,nan,nan,nan,0.097000,16.180000,0.072000,0.700000,nan,nan,nan,nan,Deep
"Rausu",145.198434,44.016798,JMA,0.173000,163.880005,0.077000,207.979996,nan,nan,nan,nan,0.198000,52.209999,0.200000,31.570000,nan,nan,nan,nan,Deep
"Setana",139.845601,42.452612,JMA,0.049000,189.690002,0.022000,223.789993,nan,nan,nan,nan,0.059000,200.919998,0.057000,171.369995,nan,nan,nan,nan,Deep
"Shinminato",137.114779,36.782061,JMA,0.058000,166.647003,0.021000,193.787003,nan,nan,nan,nan,0.052000,209.742996,0.052000,182.903000,nan,nan,nan,nan,Deep
"Shiraoi",141.319242,42.516683,JMA,0.312000,182.436996,0.145000,221.067001,nan,nan,nan,nan,0.233000,24.663000,0.188000,8.133000,nan,nan,nan,nan,Deep
"Shonanko",139.478838,35.304457,JMA,0.360000,230.263000,0.170000,257.653015,nan,nan,nan,nan,0.232000,39.337002,0.183000,19.087000,nan,nan,nan,nan,Deep
"Tappi",140.379448,41.243305,JMA,0.128000,195.412994,0.061000,231.203003,nan,nan,nan,nan,0.060000,50.626999,0.049000,39.286999,nan,nan,nan,nan,Deep
"Tobishima",139.550545,39.184034,JMA,0.053000,174.759995,0.020000,207.679993,nan,nan,nan,nan,0.053000,210.429993,0.054000,185.389999,nan,nan,nan,nan,Deep
"Tomakomainishi",141.618105,42.628178,JMA,0.313000,182.436996,0.146000,221.186996,nan,nan,nan,nan,0.233000,24.833000,0.186000,7.813000,nan,nan,nan,nan,Deep
"Urakawa",142.755423,42.165522,JMA,0.305000,182.287003,0.142000,221.367004,nan,nan,nan,nan,0.234000,25.683001,0.196000,7.623000,nan,nan,nan,nan,Deep
"Wakayama",135.140430,34.219896,JMA,0.437000,277.440002,0.212000,298.890015,nan,nan,nan,nan,0.241000,57.080002,0.184000,36.070000,nan,nan,nan,nan,Deep
"Yaizu",138.333596,34.867798,JMA,0.409000,248.033005,0.189000,273.763000,nan,nan,nan,nan,0.229000,44.597000,0.174000,23.097000,nan,nan,nan,nan,Deep
"Yonaguni",122.940312,24.450342,JMA,0.444000,306.600006,0.190000,329.149994,nan,nan,nan,nan,0.201000,96.949997,0.167000,73.919998,nan,nan,nan,nan,Deep
"Yoshima",133.820878,34.382811,JMA,0.903000,57.646999,0.314000,88.586998,nan,nan,nan,nan,0.323000,99.583000,0.240000,75.572998,nan,nan,nan,nan,Deep
"Yoshioka",140.261121,41.476210,JMA,0.147000,208.013000,0.067000,244.132996,nan,nan,nan,nan,0.108000,69.976997,0.094000,55.637001,nan,nan,nan,nan,Deep
"Anheung",126.131646,36.675153,KHAO,2.101000,201.266998,0.824000,245.190002,0.387000,184.505997,0.231000,240.442001,0.355000,154.641006,0.270000,125.914001,0.106000,148.569000,0.053000,105.725998,Deep
"Busan newport",128.786944,35.074444,KHAO,0.547000,342.477997,0.259000,9.646000,0.106000,337.924011,0.071000,1.944000,0.077000,26.752001,0.043000,4.529000,0.025000,24.191000,0.008000,347.979004,Deep
"Chuja Islands",126.299958,33.961298,KHAO,0.865000,64.945999,0.338000,87.427002,0.191000,52.580002,0.090000,82.043999,0.264000,86.132004,0.199000,64.302002,0.085000,81.614998,0.041000,48.069000,Deep
"Eocheongdo",125.985744,36.116715,KHAO,1.820000,186.139999,0.703000,229.412003,0.342000,169.188995,0.192000,225.500000,0.326000,148.320999,0.253000,119.954002,0.100000,142.268997,0.050000,99.627998,Deep
"Gadeokdo",128.811072,35.024318,KHAO,0.536000,342.614990,0.252000,9.783000,0.105000,337.325989,0.072000,1.860000,0.078000,27.176001,0.043000,4.484000,0.026000,27.143999,0.007000,354.566010,Deep
"Geomun-do",127.308772,34.028959,KHAO,0.860000,17.208000,0.385000,41.016998,0.181000,10.277000,0.105000,34.251999,0.230000,66.823997,0.168000,44.384998,0.075000,62.046001,0.033000,29.059999,Deep
"Hupo",129.454161,36.677648,KHAO,0.040000,197.425995,0.011000,218.037994,0.010000,174.602005,0.003000,211.199005,0.041000,227.283005,0.042000,193.514008,0.012000,222.556000,0.009000,174.084000,Deep
"Jeju",126.541834,33.529774,KHAO,0.677000,54.172001,0.277000,73.648003,0.154000,43.761002,0.074000,67.694000,0.228000,84.890999,0.170000,64.066002,0.074000,80.427002,0.035000,48.860001,Deep
"Moseulpo",126.250637,33.213409,KHAO,0.719000,42.637001,0.302000,64.991997,0.157000,33.959999,0.080000,59.087002,0.241000,82.968002,0.183000,62.397999,0.078000,79.280998,0.038000,47.756001,Deep
"Pohang",129.386111,36.044167,KHAO,0.033000,214.878998,0.007000,255.628006,0.008000,183.147003,0.003000,253.822006,0.040000,232.093002,0.042000,197.026993,0.011000,226.591003,0.009000,175.723007,Deep
"Seogwipo",126.561114,33.239126,KHAO,0.737000,22.172001,0.329000,45.889000,0.158000,15.276000,0.089000,39.016998,0.241000,75.271004,0.180000,53.653000,0.078000,70.584999,0.037000,39.119999,Deep
"Taean",126.233775,36.912234,KHAO,2.325000,213.975998,0.921000,259.533997,0.426000,198.641006,0.254000,255.205002,0.372000,160.427002,0.280000,131.311005,0.111000,154.389999,0.055000,109.332001,Deep
"Yeosu",127.764999,34.747190,KHAO,0.940000,358.968994,0.434000,25.235001,0.190000,352.812012,0.120000,17.533001,0.188000,47.901001,0.129000,23.895000,0.060000,44.062000,0.025000,8.834000,Deep
"'APIA, W. SAMOA,'",-171.767000,-13.808300,NOAA,0.377000,171.000000,0.088000,157.000000,0.097000,158.800003,0.024000,140.500000,0.047000,68.300003,0.031000,58.099998,0.013000,57.700001,0.006000,53.000000,Deep
"'ATTU, MASSACRE BAY, AK'",-173.195000,52.840000,NOAA,0.226000,178.300003,0.034000,252.399994,0.060000,134.399994,0.010000,235.699997,0.341000,3.900000,0.237000,12.800000,0.116000,5.700000,0.051000,299.799988,Deep
"'Apra Harbor, Guam, United States of America'",144.655732,13.443823,NOAA,0.232000,290.899994,0.059000,311.100006,0.048000,276.299988,0.016000,308.500000,0.173000,65.099998,0.122000,44.200001,0.056000,64.199997,0.025000,34.200001,Deep
"'BUSHY ISLAND, SNOW PASSAGE, AK'",-132.985000,56.276700,NOAA,1.781000,270.700012,0.601000,301.399994,0.353000,244.000000,0.164000,303.899994,0.519000,262.299988,0.303000,246.399994,0.172000,261.100006,0.060000,237.600006,Deep
"61930 Wedge I.",136.567000,-35.167000,Truth_Shelf,0.163000,108.550003,0.169000,149.300003,0.013000,188.520004,0.048000,148.119995,0.207000,251.309998,0.151000,233.839996,0.063000,243.889999,0.033000,216.809998,Shelf
"'Guguak, AK'",-148.038000,60.100000,NOAA,1.324000,288.000000,0.474000,319.600006,0.287000,262.200012,0.129000,322.200012,0.487000,272.500000,0.292000,256.600006,0.161000,271.299988,0.059000,247.800003,Deep
"'Wrangell, AK'",-132.387000,56.470000,NOAA,1.965000,273.399994,0.649000,304.200012,0.409000,245.300003,0.177000,306.700012,0.526000,264.100006,0.313000,246.300003,0.174000,262.799988,0.055000,241.000000,Deep
"DART_23401 (2006",88.540000,8.905000,Truth_Pelagic,0.263000,63.400002,0.114000,89.370003,0.056000,57.709999,0.031000,88.309998,0.078000,227.580002,0.028000,200.350006,0.024000,228.850006,0.003000,131.399994,Deep
"DART_43412   (2007",-107.001000,16.034000,Truth_Pelagic,0.203000,106.980003,0.171000,97.209999,0.057000,104.459999,0.050000,95.680000,0.143000,178.410004,0.111000,169.320007,0.046000,173.910004,0.023000,164.320007,Deep
"Ashmore, Timor Sea",123.000000,-12.220000,Truth_Shelf,0.932000,66.010002,0.522000,118.540001,0.163000,42.430000,0.144000,117.830002,0.260000,177.419998,0.161000,166.300003,0.079000,174.160004,0.036000,160.130005,Shelf
"Yellow Sea NRL-B",125.000000,33.750000,Truth_Shelf,0.702000,95.900002,0.236000,114.000000,0.142000,75.699997,0.068000,124.599998,0.189000,94.699997,0.136000,75.300003,0.063000,84.900002,nan,nan,Shelf
"'Garibaldi, OR'",-123.918900,45.554500,NOAA,0.877000,242.600006,0.235000,273.000000,0.178000,220.000000,0.060000,265.500000,0.418000,245.800003,0.253000,229.100006,0.129000,242.100006,0.051000,210.399994,Deep
"'Herendeen Island, Shumagin Islands, AK'",-159.418700,55.066000,NOAA,0.728000,322.500000,0.248000,353.000000,0.156000,297.399994,0.067000,355.500000,0.418000,286.600006,0.279000,270.299988,0.138000,285.399994,0.053000,258.000000,Deep
"'Montague Island, AK'",-147.592000,60.025000,NOAA,1.309000,288.899994,0.446000,318.899994,0.264000,267.000000,0.121000,321.299988,0.469000,272.299988,0.296000,258.200012,0.155000,271.299988,0.057000,252.300003,Deep
"'Monte Carlo Island, AK'",-133.767000,56.535000,NOAA,1.502000,273.399994,0.514000,303.700012,0.306000,252.100006,0.140000,306.200012,0.480000,261.000000,0.284000,247.600006,0.159000,260.000000,0.059000,241.199997,Deep
"'Oil Platform Harvest, CA'",-120.681900,34.469200,NOAA,0.491000,162.600006,0.162000,156.699997,0.117000,138.699997,0.044000,150.100006,0.362000,214.800003,0.229000,200.199997,0.118000,211.699997,0.041000,190.699997,Deep
"DART_32411   (2007",-90.685000,4.923000,Truth_Pelagic,0.789000,240.490005,0.179000,296.100006,0.174000,209.110001,0.044000,287.250000,0.072000,72.110001,0.025000,123.309998,0.024000,74.660004,0.006000,152.550003,Deep
"DART_32412   (2007",-86.392000,-17.975000,Truth_Pelagic,0.144000,326.230011,0.051000,294.829987,0.046000,301.649994,0.015000,299.209991,0.133000,26.540001,0.070000,349.010010,0.041000,23.610001,0.012000,330.109985,Deep
"55538 Kerema Bay",145.500000,-8.183000,Truth_Shelf,0.560000,353.059998,0.346000,317.100006,0.205000,341.500000,0.094000,313.980011,0.294000,42.290001,0.138000,19.670000,0.086000,38.410000,0.017000,21.910000,Shelf
"55630 Delami I.",149.817000,-10.533000,Truth_Shelf,0.413000,345.059998,0.241000,310.200012,0.144000,332.600006,0.071000,309.179993,0.285000,37.790001,0.132000,9.470000,0.083000,33.310001,0.025000,352.410004,Shelf
"55870 Woodlark I.",152.983651,-9.252796,Truth_Shelf,0.028000,30.160000,0.078000,207.199997,0.029000,308.200012,0.021000,199.580002,0.251000,47.590000,0.132000,24.070000,0.075000,43.810001,0.021000,9.210000,Shelf
"57930 Bramble Cay",143.883000,-9.133000,Truth_Shelf,0.708000,10.960000,0.422000,341.700012,0.205000,0.200000,0.108000,335.079987,0.327000,49.090000,0.154000,16.170000,0.094000,46.509998,0.025000,353.709991,Shelf
"57935 Stephens I.",143.550000,-9.500000,Truth_Shelf,0.740000,21.660000,0.453000,353.100006,0.265000,6.600000,0.125000,349.579987,0.366000,51.090000,0.170000,18.370001,0.110000,48.009998,0.030000,358.609985,Shelf
"Korea Str N2",129.670000,35.200000,Truth_Shelf,0.171000,344.000000,0.092000,12.700000,0.032000,336.299988,0.025000,3.200000,0.010000,206.500000,0.023000,171.100006,0.003000,197.600006,nan,nan,Shelf
"Korea Str N4",130.210000,34.840000,Truth_Shelf,0.199000,7.200000,0.107000,31.200001,0.038000,2.500000,0.029000,22.000000,0.043000,160.500000,0.051000,144.100006,0.014000,156.699997,nan,nan,Shelf
"Korea Str N6",130.650000,34.500000,Truth_Shelf,0.234000,23.900000,0.123000,45.000000,0.046000,19.900000,0.034000,35.799999,0.084000,166.699997,0.091000,144.899994,0.027000,162.899994,nan,nan,Shelf
"Korea Str S2",128.120000,34.130000,Truth_Shelf,0.801000,0.900000,0.372000,25.200001,0.165000,352.100006,0.106000,16.400000,0.184000,65.800003,0.133000,44.099998,0.062000,59.299999,nan,nan,Shelf
"Korea Str S4",128.560000,33.740000,Truth_Shelf,0.739000,359.000000,0.348000,23.299999,0.150000,351.000000,0.098000,14.200000,0.178000,80.199997,0.136000,61.299999,0.056000,74.699997,nan,nan,Shelf
"Korea Str S6",129.000000,33.350000,Truth_Shelf,0.728000,358.000000,0.343000,22.200001,0.148000,350.399994,0.097000,12.600000,0.200000,93.400002,0.161000,74.699997,0.063000,88.699997,nan,nan,Shelf
"'Bird Island, Shumagin Bank, AK'",-159.759600,54.835200,NOAA,0.688000,318.399994,0.235000,344.700012,0.150000,295.899994,0.064000,346.799988,0.412000,282.200012,0.273000,266.000000,0.136000,281.000000,0.048000,263.200012,Deep
"'Jim Creek,'",-124.062500,48.187200,NOAA,0.612000,266.799988,0.192000,288.500000,0.134000,243.500000,0.052000,290.299988,0.539000,254.699997,0.336000,237.100006,0.179000,253.399994,0.066000,232.800003,Deep
"'Johnston Atoll, United States of America'",-169.530000,16.738300,NOAA,0.271000,100.400002,0.105000,122.099998,0.050000,99.800003,0.028000,117.900002,0.082000,214.800003,0.035000,223.899994,0.024000,212.199997,0.005000,229.100006,Deep
"'Kaunakakai Harbor, HI'",-157.032000,21.085000,NOAA,0.184000,55.900002,0.067000,59.599998,0.034000,44.000000,0.018000,56.299999,0.160000,227.699997,0.089000,216.500000,0.051000,222.800003,0.013000,218.699997,Deep
"'Magnetic Point, Union Bay, Earnest Sound, AK'",-132.190900,55.788300,NOAA,1.962000,271.700012,0.639000,304.799988,0.406000,244.600006,0.174000,307.399994,0.489000,262.899994,0.311000,244.800003,0.162000,261.600006,0.060000,237.199997,Deep
"'Muir Inlet, Glacier Bay, AK'",-136.108000,58.913300,NOAA,2.016000,298.700012,0.649000,335.000000,0.368000,277.100006,0.177000,338.000000,0.534000,273.500000,0.311000,258.100006,0.177000,272.299988,0.057000,244.600006,Deep
"'NORTH JETTY, TILLAMOOK BAY,'",-123.965000,45.570000,NOAA,0.865000,230.600006,0.235000,256.700012,0.177000,205.500000,0.064000,258.799988,0.411000,238.399994,0.264000,219.699997,0.136000,237.000000,0.042000,244.100006,Deep
"'NORTH POINT [PIER 41] S.F.BAY, CA'",-122.413000,37.810000,NOAA,0.607000,213.300003,0.141000,220.699997,0.129000,187.000000,0.041000,211.500000,0.376000,226.800003,0.231000,209.699997,0.119000,223.800003,0.040000,207.300003,Deep
"'NUKSHAK ISLAND, SHELIKOF STRAIT, AK'",-153.958000,58.391700,NOAA,1.622000,323.500000,0.580000,1.900000,0.334000,293.899994,0.158000,5.000000,0.478000,288.100006,0.326000,268.600006,0.158000,286.600006,0.063000,260.399994,Deep
"'Nachalni Island, AK'",-152.925000,57.978300,NOAA,1.584000,323.899994,0.589000,2.400000,0.344000,303.600006,0.160000,5.600000,0.486000,286.600006,0.327000,267.799988,0.161000,285.200012,0.060000,261.200012,Deep
"'Nikiski, AK'",-151.398000,60.683300,NOAA,2.501000,32.299999,0.861000,63.099998,0.495000,1.600000,0.243000,55.799999,0.644000,307.899994,0.383000,291.100006,0.185000,308.200012,0.090000,301.500000,Deep
"'Port Alexander, AK'",-134.647700,56.246600,NOAA,1.242000,275.700012,0.411000,307.600006,0.257000,251.300003,0.110000,300.200012,0.465000,263.100006,0.286000,248.000000,0.146000,260.000000,0.059000,238.500000,Deep
"'Port San Luis, CA'",-120.754200,35.168800,NOAA,0.501000,168.100006,0.150000,163.699997,0.117000,144.000000,0.044000,156.100006,0.362000,214.699997,0.227000,198.800003,0.115000,211.899994,0.042000,194.100006,Deep
"'Port Townsend, WA'",-122.759500,48.112900,NOAA,0.685000,349.700012,0.170000,12.600000,0.146000,320.000000,0.052000,16.799999,0.766000,270.700012,0.447000,249.800003,0.241000,269.500000,0.082000,243.100006,Deep
"'Puale Bay, AK'",-155.393000,57.706700,NOAA,1.427000,321.799988,0.487000,357.600006,0.317000,297.700012,0.133000,0.500000,0.466000,286.399994,0.319000,268.100006,0.154000,285.000000,0.058000,252.100006,Deep
"'SUVA, SUVA HARBOR, Fiji'",178.425000,-18.133300,NOAA,0.565000,199.500000,0.091000,214.600006,0.130000,172.899994,0.027000,205.300003,0.094000,57.500000,0.046000,43.200001,0.028000,49.599998,0.007000,25.700001,Deep
"BEMPEX PK Aug86",-163.972000,36.497000,Truth_Pelagic,0.208000,309.399994,0.108000,327.660004,0.043000,302.200012,0.031000,321.100006,0.186000,264.799988,0.119000,255.399994,0.059000,260.899994,0.020000,251.399994,Deep
"Cobb Seamount  Lars",-130.813000,46.773000,Truth_Pelagic,0.807000,241.399994,0.217000,271.450012,0.166000,217.500000,0.058000,257.200012,0.392000,242.300003,0.249000,228.699997,0.123000,240.100006,0.046000,212.800003,Deep
"DART_32401   (2005",-74.813000,-19.547000,Truth_Pelagic,0.290000,23.580000,0.077000,42.919998,0.069000,344.220001,0.026000,35.830002,0.154000,31.600000,0.086000,349.970001,0.047000,27.850000,0.016000,326.049988,Deep
"DART_d171 (2002",-170.798000,46.637000,Truth_Pelagic,0.233000,335.500000,0.094000,335.660004,0.063000,319.230011,0.026000,328.459991,0.287000,296.040009,0.196000,281.529999,0.091000,292.589996,0.036000,276.769989,Deep
"URI ECS053 East Chi",127.571000,27.971000,Truth_Pelagic,0.557000,305.839996,0.238000,330.970001,0.109000,299.369995,0.066000,326.859985,0.214000,79.820000,0.163000,60.020000,0.069000,78.279999,0.033000,48.680000,Deep
"58070 Coconut I.",143.067000,-10.050000,Truth_Shelf,0.693000,44.860001,0.518000,20.700001,0.209000,34.099998,0.141000,20.680000,0.405000,54.090000,0.195000,24.570000,0.134000,54.110001,0.037000,1.610000,Shelf
"58073 Poll I.",142.817000,-10.250000,Truth_Shelf,0.595000,57.860001,0.520000,32.400002,0.211000,45.500000,0.133000,25.780001,0.434000,62.290001,0.193000,21.070000,0.125000,59.709999,0.039000,6.710000,Shelf
"58240 Proudfoot Sho",141.467000,-10.517000,Truth_Shelf,0.750000,190.960007,0.148000,277.399994,0.171000,154.600006,0.050000,246.179993,0.678000,34.189999,0.430000,340.369995,0.177000,26.110001,0.083000,317.609985,Shelf
"58540 Raine I.",144.050000,-11.600000,Truth_Shelf,0.476000,348.260010,0.295000,307.000000,0.172000,327.700012,0.077000,302.380005,0.300000,41.490002,0.146000,14.670000,0.088000,37.410000,0.029000,347.309998,Shelf
"58680 Chapman I.",143.600000,-12.883000,Truth_Shelf,0.545000,355.459991,0.311000,312.899994,0.174000,331.500000,0.086000,311.579987,0.317000,44.590000,0.145000,16.070000,0.096000,41.009998,0.028000,355.410004,Shelf
"58890 Lizard I., QL",145.443938,-14.664480,Truth_Shelf,0.532000,346.160004,0.329000,309.600006,0.168000,339.700012,0.090000,305.679993,0.311000,43.389999,0.141000,14.070000,0.093000,40.410000,0.031000,15.510000,Shelf
"59190 Pith Reef",147.017000,-18.217000,Truth_Shelf,0.549000,342.959991,0.307000,302.100006,0.172000,326.200012,0.084000,297.679993,0.339000,38.090000,0.156000,9.670000,0.101000,34.310001,0.030000,345.510010,Shelf
"59450 Bugatti Reef",150.300000,-20.083000,Truth_Shelf,0.749000,10.760000,0.288000,348.700012,0.206000,354.600006,0.082000,346.980011,0.326000,33.389999,0.153000,7.270000,0.098000,30.309999,0.030000,347.709991,Shelf
